                  epoch,         train/box_loss,         train/cls_loss,         train/dfl_loss,   metrics/precision(B),      metrics/recall(B),       metrics/mAP50(B),    metrics/mAP50-95(B),           val/box_loss,           val/cls_loss,           val/dfl_loss,                 lr/pg0,                 lr/pg1,                 lr/pg2
                      1,                 1.8183,                  6.015,                  1.451,                0.28943,                0.29079,                0.26831,                0.15476,                 1.5165,                  2.753,                 1.3119,              7.533e-05,              7.533e-05,              7.533e-05
                      2,                 1.4961,                 2.7701,                  1.275,                0.52075,                0.48332,                0.51228,                0.27693,                 1.5393,                 2.1163,                 1.3424,              0.0001495,              0.0001495,              0.0001495
